,Song,Artist,Lyricist,Composer,Lyric
0,Take a picture -English ver.-,"
NiziU",J.Y. Park “The Asiansoul”・Sim Eunjee・Tim Tan・Ciara Muscat,J.Y. Park “The Asiansoul”・Trippy・Sim Eunjee・Tim Tan・Ciara Muscat,"Wanna wanna wanna Take a picture now, take a picture now Gonna gonna gonna Be unforgettable Wanna wanna wanna Take a picture now, take a picture now Gonna gonna gonna Be unforget I wanna let you know How much I love it when I feel your arms around me Holding me I'm gonna give you all my love WithU I got it all all And this I'll never let go I got this feeling in my heart and I think I like it And it's falling down all over me Whenever we're together, I feel like I can fly Let's cherish every moment and go One for our love Two for our youth Three for all these precious memories that we're making Four for every smile Five cuz we are young and wild Let's remember this forever Wanna wanna wanna Take a picture now, take a picture now Gonna gonna gonna Be unforgettable When you give me that feeling Wanna give you that feeling Ahhh There's nothing I want more Wanna give it to you When you give it to me Cuz you make me wanna do anything Can you see So you I'll never let go I feel alive when I'm with you and I know I like it And it's burning up inside of me Whenever we're together, you make me feel so right Let's celebrate this moment and go One for our love Two for our youth Three for all these precious memories that we're making Four for every smile Five cuz we are young and wild Let's remember this forever Whenever I look at you You know you make me go ooh-ahh I say la la, when I have you around Take a pic, take a pic You're my merry-go-round Whenever I look at you You know you make me go ooh-ahh Wanna remember everything we do and we can't be stopped let the lights pop I'll be here right next to you when it gets dark and gets so cold Never worry and believe me, I won't leave you lonely I don't know yet what tomorrow will bring But I'm ready to take that chance One for our love Two for our youth Three for all these precious memories that we're making Four for every smile Five cuz we are young and wild Let's remember this forever Wanna wanna wanna Take a picture now, take a picture now Gonna gonna gonna Be unforgettable Wanna wanna wanna Take a picture now, take a picture now Gonna gonna gonna Be unforgettable"
1,Poppin' Shakin' -English ver.-,"
NiziU",Mayu Wakisaka,Woo Min Lee “collapsedone”・ Ollipop・ Hayley Aitken,"La la la la la la la la  la La la la la la la la la La la la la la la la la la.. Hey, Look！ You know this is where I'll always be Show time The kind of fun that you've never seen What is it？ The gloom in your face And just like a red balloon pop, try to exhale Pop！ Pop！！ Pop!!! Suddenly there will be in front of your eyes a new world Ki-ra Ki-ra future oh baby Can you see it glow？ The break of dawn Welcome to the stage It's time to GO！ Da Dancing Day&Night！ Repeat the Happy tune！ Feel it up, feel it up, feel it up！ Need your love！ La la Poppin' shakin' Make you forget the time So come here we need U！ Join us, join us, join us！ start it up！！ Oh just have FUN！ La la la la la la la la la La la la la la la la la La la la la la la la la la.. La la poppin' shakin' La la la la la la la la la La la la la la la la la La la la la la la la la la.. We need U all the time Let's think when nothing seems to be going right Always I promise I will be by your side Call me Even in the middle of the night Text me We can chat and I will stand by tell me tell me Respect is what we've got Everyday's a holiday You know You can make each day count Make it really fun and creative We are looking forward！ We are moving forward！ welcome to the stage It's time to GO！ It's such a happy time！ You got a Lucky Break！ Fill it up, fill it up, fill it up！ Need your love！ La la poppin' shakin' You know always we're with U When we are together Singin out, singin out, singin out！ Shake it up！ Oh just have FUN！ La la la la la la la la la La la la la la la la la La la la la la la la la la.. La la poppin' shakin' La la la la la la la la la La la la la la la la la La la la la la la la la la.. We need U all the time I found you You found me Cuz nobody should be all alone Yes, always be Joyful and I'll stay thankful Let me share Happiness We can share it all Let's get together！ It's time to GO！ Da Dancing Day&Night！ Repeat the Happy tune！ Feel it up, feel it up, feel it up！ Need your love！ La la Poppin' shakin' Make you forget the time So come here we need U！ Join us, join us, join us！ start it up！！ Oh just have FUN！ La la la la la la la la la La la la la la la la la La la la la la la la la la.. La la poppin' shakin' La la la la la la la la la La la la la la la la la La la la la la la la la la.. Ah always we need U！"
2,FESTA,"
NiziU",KENTZ,Oliver Fernstrom・Jonathan Bratthall-Tideman・Frankie Day,"Welcome to the... What's up 準備は出来てる？ 夢のドア Knock it 心Singing 弾むFeelingがここのチケット 全力でEnjoyする それがルール 嫌な事 Forget いらない Worry Want a happy end The way to the dream Let's get on the ride Just open your mind, mind, mind One 全員がスターになる Two 可能性は Universe 止まらない Music Turn it up more Welcome 光舞い 始まる Show, show, the show カラダ動いたら 幕開けのSign, count down Lose control！ 今すぐ飛び出そう Welcome to the festa Ahh オトの鳴る方へ Come on Wake up and join us for the festa Ahh 聴こえる ココロ躍るSound Here we come to ya You know we're never gonna stop ハジけて Bounce around 騒いで Up & Down 楽しさは No limit サイコー超えていこう Welcome to the festa Smileはループする Merry-go-round Heartbeat dancing all through our town 皆の瞳で 照らして このStage Sunより高く Jump so high Moonの様に光る So bright Hey Magicなday 日常を忘れて 雲のParade 風Singして You just clap your hands You just clap your hands, hands, hands 元気 満タンにCharging Now let's move 地球の裏側まで 届けよう Freedom 描いて 見せるよ World, world, new world 凹んだハートに愛を 詰めて膨らまそう Go catch it！ 今すぐ羽ばたこう Welcome to the festa Ahh オトの鳴る方へ Come on Wake up and join us for the festa Ahh 聴こえる ココロ躍るSound Here we come to ya You know we're never gonna stop ハジけて Bounce around 騒いで Up & Down 楽しさは No limit サイコー超えていこう Welcome to the festa Fun 終わらない This paradise フィナーレはない Endless time 思い出持ち帰って 笑顔がお土産 Happiness 続く Forever U ready？ Welcome to the festa Ahh オトの鳴る方へ Come on Wake up and join us for the festa Ahh 聴こえる ココロ躍るSound Here we come to ya You know we're never gonna stop ハジけて Bounce around 騒いで Up & Down 楽しさは No limit サイコー超えていこう Welcome to the festa"
3,Wonder Dream,"
NiziU",KENTZ,Sim Eunjee・Lee Hae Sol,"Umm Gonna have a little fun Gonna have a little Have a little Have a little fun Umm Gonna have a little fun Gonna have a little Have a little Have a little fun Can you feel it？ I hear talking talking ここはドコドコ？ Eggs are shaking shaking こころ、ドキドキ！ Let's start jumping jumping たのしいトキ みんなに Hello, hello Melody 鳴らそう 見渡す、前に広がる Ohh 笑顔が咲いてる Let's see ohh, it's so cute Looking good, it's so cool Ahh Ahh Ahh 楽しむだけ Time to update コドモ、オトナ 笑顔から繋がる Why don't you come and join, All love & joy 夏も冬も 楽しい、続く All year long Now here we go, go, go, go 遊び尽くそう Fun, fun, fun We never stop キミに与えよう Luv, luv, luv Level up ほら集まろう You, you, you It's magical ココは Wonderland So wonderful, take my hand, hand Ra-pa-pa Ra-pa-pa Ra-pa-pa 揺らすハート Ra-pa-pa Ra-pa-pa Ra-pa-pa かかる魔法 胸がトキメキ どこまでも 夢がキラメキ 続く Wonder dream Are you ready？ 笑うだけの時間 Got a feeling しあわせの予感 Ahh Ahh Ahh すぐ遊びたい Have a good time キミとワタシ 心から繋がる Why don't you come and see, All love & peace 過去も未来(あす)も 毎日を祝うCalendar Now here we go, go, go, go 遊び尽くそう Fun, fun, fun We never stop キミに与えよう Luv, luv, luv Level up ほら集まろう You, you, you It's magical ココは Wonderland So wonderful, take my hand, hand 迷い込んだまま 覚めたくない、まだ 手を取らなくても 繋がってる Heart 遊び尽くそう Fun, fun, fun We never stop キミに与えよう Luv, luv, luv Level up ほら集まろう You, you, you It's magical ココは Wonderland So wonderful, take my hand, hand Ra-pa-pa Ra-pa-pa Ra-pa-pa 揺らすハート Ra-pa-pa Ra-pa-pa Ra-pa-pa かかる魔法 胸がトキメキ どこまでも 夢がキラメキ 続く Wonder dream"
4,Twinkle Twinkle,"
NiziU",Mayu Wakisaka,Hotsauce・B-rock・J-lin,Twinkle little star 見えたから 明日はきっと Fine day 寝る前に 伝えたい Everything will be alright I know I know 心配しない Want you to know いつもの君で Do your best 信じてるよ When I'm with you I shine so bright ずっとそばにいたい 輝く方へ 手と手取って 一緒に行こう Loving the twinkle in your eye 目と目が合うたびに 元気を くれる You're my best friend Twinkle twinkle in your eye Twinkle twinkle in my eye キラキラした夢を 今夜は見よう Twinkle twinkle in your eye Twinkle twinkle in my eye 明日、顔見て言うね 大好きだよ 聞こえるよ 君の鼓動 Do you know I feel the same 泣ける日も 笑う日も どんなことも Let's share I know I know 君となら Want you to know 最高な自分になれる 信じていて I love the way you shine so bright まるでダイヤモンドみたい ぶつかり合って 磨かれて 輝くの You give me the twinkle in my eye 目と目が合うだけで 気持ちが わかる You're my best friend Twinkle twinkle in your eye Twinkle twinkle in my eye キラキラする時を ありがとう Twinkle twinkle in your eye Twinkle twinkle in my eye 声にして伝えよう 大好きだよ 誰よりも近くにいて どんな時も 優しい君を 抱きしめたい Hey look me in the eye ずっと You and I Yeah we're gonna shine When I'm with you I shine so bright ずっとそばにいたい 輝く方へ 手と手取って 一緒に行こう Loving the twinkle in your eye 目と目が合うたびに 元気を くれる You're my best friend Twinkle twinkle in your eye Twinkle twinkle in my eye キラキラした君が 大好きだよ
5,9 colors,"
NiziU",Kanata Okajima・Soma Genda,earattack,"ねえきっと 私たち出逢った意味 “運命”って 今だったら わかるよ どんなに 不安な日も 君がいたから 私 笑えたの Uh 君は希望のSunlight 照らされるたび Uh まっさらな心に 愛しい色が 増えていく 君と出逢って 心開いて 煌めく視界は Panorama 乗り越えるたび 光纏う 9 colors 一緒に… I'll be the hope, be the dream with you わからないことだらけの私も 誰よりも 君のこと知ってるよ 9つのcolors 奇跡のPallet 隣にいるから 輝けた Uh 強く優しいSunlight 時に眩し過ぎて Uh それでもそばにいたいの 誰よりも 大切だから 君と出逢って 夢が育って 今なら未来も鮮やか 乗り越えるたび 磨かれていく 9 colors 一緒に… I'll be the light, be the light with you I'll be there for you ずっと I'll be there for you この先もほら一緒だよ I'll be there for you ずっと I'll be there for you これからも We last forever 支え合おうね 君と出逢って 心開いて 広がる世界は Panorama 乗り越えるたび 光纏う 9 colors 今度は… I'll be the hope, be the dream with you"
6,Need U,"
NiziU",Kanata Okajima・Soma Genda,Kanata Okajima・Soma Genda・MEG,"どこにでもいるような 普通の Ordinary Girls 突然に変わった Days 見守ってくれたから ここまで来れたんだよ Wanna tell you ありがとね Baby Baby Baby でも不安になる Midnight この気持ち一緒なの？ 聞こえてる？ My voice 感じてる Your love！ 離れてても そばにいるよ I need U どんな未来も キミとなら特別な気がするよ I'm with you 会えない時を超えて 育ってく Our dream この歌に乗せて I need U... キミじゃなきゃ Need U... もう待てないよ！ I need U... ぎゅっと手と手を繋いで I'm with you, I'm with you, I'm with you そう信じてるから なんとなく 寂しくて スワイプしちゃう SNS 指先じゃ リアルじゃない Yeah, I wanna know where you now 楽しいも悲しいも もっと シェアしたいよ Future この気持ち 届いてるの？ Baby Baby Baby わかんなくなる なんで！ 大好きは本当なの？ いつの日か Our bond 確かめにいこう キミの街へ 会いに行くよ I need U どんな未来も キミとなら特別な気がするよ I'm with you 会えない時を超えて 育ってく Our dream この歌に乗せて I need U... キミじゃなきゃ Need U... もう待てないよ！ I need U... ぎゅっと手と手を繋いで I'm with you, I'm with you, I'm with you そう信じてるから きっと試されてる So believe ya, believe ya 愛の深さ キミからの Likeに Pay back, pay back I want you to see 会えない時こそ 研ぎ澄まされるの 夢見たいからもっと信じてるね I'm believer なんでこんなに 涙が出るんだろう でもこれも Memories 最高に Special 乗り越えたら虹になるよ I need U どんな未来も キミとなら特別な気がするよ I'm with you 会えない時を超えて 育ってく Our dream この歌に乗せて I need U... キミじゃなきゃ Need U... もう待てないよ！ I need U... ぎゅっと手と手を繋いで I'm with you, I'm with you, I'm with you そう信じてるから I'm I'm with you, so come with me yeah I'm I'm with you, I need U, I need U！！ I'm I'm with you, so come with me yeah I'm I'm with you, I need U, I need U！！"
7,Chopstick,"
NiziU",J.Y. Park “The Asiansoul”・Yuka Matsumoto,J.Y. Park “The Asiansoul”,"時針のない分針 意味がないでしょ ご馳走のないParty 地味になりそう 君が聴かない歌じゃダメでしょ Cuz everything I do, I do for you 君へ 届けて この気持ちを 笑顔に できますように すべて 見せて あげる 私 でも 伝えきれるものかな？ Like a chopstick 1本じゃ 掴めない Like a hand to clap ひとりじゃ つまらない Like a pretty shoe チグハグじゃ 心配 Like a wing to fly 君としか 飛べない That's why I need you I always wanna be with you 同じ気持ちでいて That's why I need you I always wanna be with you 同じ明日を見て 音楽のないスピーカー まるで意味ない バッテリーのない携帯 役に立たない 君が観ないStageには意味がない Cuz everything I sing, I sing for you 前で 後(あと)で 支えてるから 笑顔に できる ものなら 君がいなきゃ いけない訳なんて うまく言えない だけど Like a chopstick 1本じゃ 掴めない Like a hand to clap ひとりじゃ つまらない Like a pretty shoe チグハグじゃ 心配 Like a wing to fly 君としか 飛べない One Team that's what we are Teamwork that's what we need Pass assist and shoot rebound Ball keeps moving around and around いないと 全部ないの！ 誰にも 代われないよ ヤダな 意味がないよ 君じゃないとね 一人なんて Incomplete 自信がない Can't compete 2ひく1は 1でもZero Supermanより 君だけがMy hero 夢の答え 心の糧 君とTopへ それがJob 最強のタッグ Ain't nobody can stop 勝利して Let the champagne pop 君へ 届けて この気持ちを 笑顔に できますように すべて 見せて あげる 私 でも 伝えきれるものかな？ Like a chopstick ほら 一緒だったら Like a hand to clap 君と鳴らしたい Like a pretty shoe 揃え出かけたい Like a wing to fly 一緒に 飛べる 彼方 That's why I need you I always wanna be with you 同じ気持ちでいて That's why I need you I always wanna be with you 同じ明日を見て"
8,I AM,"
NiziU",KENTZ,KENTZ・Phoenix Storm,"I like to be who I am Be someone like me I like to be who I am どこにいても I like to be who I am Be someone like me I like to be who I am I am I am 好きな物は好き 言える自分がまず好き Like dat Like dat 嫌いなものは無理 Hate dat 言えるハッキリ、ほらスッキリ Ha！ Am I crazy？ ステージの上 We go Life's a party so 祝おう、自らを 他人を気にする暇はない 自分に夢中 Don't bother me 誰か演じるくらいなら Won't you stop and be yourself どんな場面(シーン)でも常に主人公 Leggo Let's roll Come on You'll be alright Goin' on & on どんな時も 変わらない Be me このままで 誰が何かを言っても I don't care what they say ありのまま Ready to take on anything I like to be who I am Be someone like me I like to be who I am どこにいても I like to be who I am Be someone like me I like to be who I am And you know I gotta go like this Let me do me, you do whatever you like 関係ない I don't even mind 誰の色にも染まらない 鮮やかな このStyle 笑いたけりゃ 笑ってみれば このSmileみたいに 皆Happyに出来る？ ダイヤの様にSo bright プレッシャーないと 生まれない、ありがとう 自由にやらせて This is my life 堂々と I'll just be me 背伸びして見る世界 疲れちゃうでしょ？ 君のままで No filterが映え Leggo Let's roll Come on Ready or not here I come Goin' up & up いつまでも 揺るがない Be me いつも通り 誰が何かを言っても I don't care what they say 自分らしく Ready to take it on 誰も追いかけず 夢追いかけてきたの Wanna run in my shoes 走り続けていく I am being who I am 何言われても I am being who I am 私は私だから Goin' on & on どんな時も 変わらない Be me このままで 誰が何かを言っても I don't care what they say ありのまま Ready to take on anything I like to be who I am Be someone like me I like to be who I am どこにいても I like to be who I am Be someone like me I like to be who I am I am I am"
9,Joyful,"
NiziU",KENTZ,KENTZ・Junya Maesako・Yui Mugino,"Joyful I want to make myself I'm feeling Joyful I want to make my day I'm feeling Joyful I want to make myself I'm feeling Joyful 1,2,3,4！ Sun-shiny day 陽を浴びて キレイな空とお揃いのコーデ Okay Shine like you アイライン引いて On my way 太陽が明日を照らしてるようだね 新たな日々を着せ替える 今日は昨日よりもカラフル 元気になる魔法をかける Look at me now！ 今日もそう輝く 史上最高の自分 どんな表情でも美しく Look at you wow！ もっと磨いてく 気分は I feel like I'm brand new 笑顔で Keep it, keep it, up！ up！ You're so beautiful, lookin' so pretty girl イエベ？ ブルベ？ “私カラー”で 誰のためじゃない ただ自分のため 笑う度にキレイになっていって 積み重ねる Let's get it day by day 毎日がRunway show 前を向いて景色を見渡そう 今この瞬間(とき)を際立てる 理想の未来(あす) パレットで描く 見つける 新しい自分 Look at me now！ 今日もそう輝く 史上最高の自分 どんな表情でも美しく Look at you wow！ もっと磨いてく 気分は I feel like I'm brand new 笑顔で Keep it, keep it, up！ up！ ポジティブ吸い込んでみて ネガティブすぐ吐いて 退屈な日常は Make-up, now grade up 眩しいFutureにカットするUV and Haters イイネどうしよう？ 誰をフォロー？ まずは自分をでしょ Go with your flow 口角もその顔も両方を上げていく ベースから素敵 なんだかノリ良い You see？ 鏡と向き合う日々を 誰も知らないけど 涙や笑顔の君は 心の中から麗しい I'm feeling Joyful I want to make myself I'm feeling Joyful I want to make my day I'm feeling Joyful I want to make myself I'm feeling Joyful 1,2,3,4！ Look at me now！ 今日もそう煌く 虹色に染める マツ毛もテンションも上げていく Look at you wow！ もっと光ってく 想いは I feel like I need you 笑顔で Keep it, keep it, up！ up！ You're so beautiful, lookin' so pretty girl"
10,Sweet Bomb！,"
NiziU",Safari Natsukawa,TRIPPY・TIM TAN・CIARA MUSCAT,"Call me “Sweet Bomb”, I'm da “Sweet Bomb” Call me “Sweet Bomb”, I'm da... Hello ああ とっても遊びたい気分！ みんな Scheduleどんな？ Weekend空いてるかな？ Hey, music starts！ Ready？ Jumping to the joy！ I mean, La pa la pa la pa イライラしちゃダメ 楽しいコトしか やりたくないでしょう？ Ah ah We like it！！ Ah ah It's a secret what happened to me.. もしFall in the dark 最悪でも 前見なくちゃ！ 笑わなくちゃ！ AHHHHH！！ Keep partying！ Yeah！ ああ 最高！ Ready to spark！ 皆に会える ああ 最高！ Ready to spark！ この瞬間がいい My crazy crazy girlfriends, cheer me up！ 楽しくて 最高すぎ もう！！ Sweet bomb！ Sweet Bomb！ ぶつかったら Bomb bomb bomb！ Sweet bomb！ Sweet Bomb！ とめらんない Bomb bomb Yeah！ It's a secret what happened to me I enjoy my life, shaking my heart Boringな日々にサヨナラ Don't be too shy！ もっと弾けたい気分！ I mean, La pa la pa la pa 悩まない 止まらない Call me “Sweet Bomb”, I'm da “Sweet Bomb” Call me “Sweet Bomb”, I'm da AHHHHH！！ Keep partying！ Yeah！ ああ 最高！ Ready to go！ 帰りたくないよ ああ 最高！ Ready to go！ 遊園地みたい My groovy groovy girlfriends, cheer me up！ 可愛くて 最高すぎ もう！！ Sweet bomb！ Sweet Bomb！ ぶつかったら Bomb bomb bomb！ Sweet bomb！ Sweet Bomb！ とめらんない Bomb bomb Yeah！ Sweet bomb！ Sweet Bomb！ 泣いちゃっても Bomb bomb bomb！ Sweet Bomb！ Sweet Bomb！ 楽しんじゃおう Bomb bomb Yeah！ Let me fly, let me change, like a butterfly Any day, Anywhere I can go×3！ Let me fly, let me change like a butterfly Any day, Anywhere I can go×3！ Call me “Sweet Bomb”, I'm da “Sweet Bomb” Call me “Sweet Bomb”, I'm da AHHHHH！！ Yeah！ ああ 最高！ Ready to spark！ 皆に会える ああ 最高！ Ready to spark！ この瞬間がいい My crazy crazy girlfriends cheer me up！ 楽しくて 最高すぎ もう！！ Sweet bomb！ Sweet Bomb！ ぶつかったら Bomb bomb bomb！ Sweet bomb！ Sweet Bomb！ とめらんない Bomb bomb Yeah！ Sweet bomb！ Sweet Bomb！ 泣いちゃっても Bomb bomb bomb！ Sweet Bomb！ Sweet Bomb！ 楽しんじゃおう Bomb bomb Yeah！ Call me “Sweet Bomb”, I'm da “Sweet Bomb”"
11,Step and a step,"
NiziU",J.Y. Park “The Asiansoul”・Yui Kimura・KENTZ,J.Y. Park “The Asiansoul”,大丈夫よ そのままで 安心して 遅れてないから 道に迷った時はね 立ち止まってみたら？ Take your time Oh 後ろ振り返ってみて ほら 君の足跡 いつも I'm proud of you Oh 既に特別な 君を誇るべきだから Let's go Step and a step 私の歩幅で Step and a step 私だけのペースで ゆっくり行ってもいい 休んでみてもいい 歩いていく 自分らしく Just believe yourself Everything will be fine Everything will be okay Everything will be fine Everything will be okay どんな時も隣で いつもそっと 笑顔くれるの My friend なんか寂しい時だって その手を伸ばせば Take my hand Oh つまずいてしまったのは 前に進んでたから いつも I'll be with you Oh 鏡が輝く ありのままの君がいる Let's go Step and a step 私の歩幅で Step and a step 私だけのペースで ゆっくり行ってもいい 休んでみてもいい 歩いていく 自分らしく Just believe yourself 頬に触れてく 風感じてみて 目を閉じて澄ませば 見えてくるよ Don't get lost さぁ Don't worry 信じて Victory 君なら You'll be okay Just because 誰も見ない 君だけの未来 いつだって Never too late 一歩ずつでもいい進め Are you ready？ 楽だけの近道はなくていい 自分だけの手で作るんだ 明日を いつかは笑顔 輝けるように 今も Step and a step 私は私で Step and a step 私だけの形で 回り道でいい 自分のペースでいい 笑っていく 好きになる Just believe yourself Everything will be fine Everything will be okay Everything will be fine Everything will be okay
12,Super Summer,"
NiziU",Yuka Matsumoto・Anna Timgren・Charlotte Wilson (THE HUB),Trippy・Anna Timgren・Charlotte Wilson (THE HUB),Bop bop Be-bop bop (Are you ready) Bop bop Be-bop bop (Let's go) ビビットなSky It's just so bright 夏！って感じ I feel so high Yay！ じっと我慢 だったから Let me be free 深呼吸して 裸足で走ろう 青い海でイルカと 泳いでみたい カラフルな魚たち 追いかけて 新しい チャレンジ So excited！ Let's enjoy our summer It's worth the wait 巡り会う C'mon 楽しみ 太陽の光 Winkしちゃう ジリジリと Ah Ah 灼けそう This is a Super Summer Super Super Summer Super Summer Super Super Summer 夢中になって 描いてく世界 Super Summer Super Super Summer Bop bop Be-bop bop (Try something new) Bop bop Be-bop bop Ya I want stimulations That stirs up emotions Say woo la la la Sing&Dance どこにいても 地平線の向こう側へ 希望胸に 進む 真剣な表情の君 キュンと しちゃう My heart Let's enjoy our summer It's worth the wait 隠された Treasure 見つけて 忘れられない 瞬間を Shareして You and me Forever young This is a Super Summer Super Super Summer Super Summer Super Super Summer コレって 大事 Chanceは逃さない Super Summer Super Super Summer ねぇ 1番 好きなこと Ah いつも していたら ツライときだって Everything's all right Let's enjoy our summer It's worth the wait 巡り会う C'mon 楽しみ 太陽の光 Winkしちゃう ジリジリと Ah Ah 灼けそう This is a Super Summer Super Super Summer Super Summer Super Super Summer 夢中になって 描いてく世界 Super Summer Super Super Summer
13,Take a picture,"
NiziU",J.Y. Park“The Asiansoul”・Sim Eunjee・Tim Tan・Ciara Muscat・Mayu Wakisaka,J.Y. Park“The Asiansoul”・Trippy・Sim Eunjee・Tim Tan・Ciara Muscat,"Wanna wanna wanna Take a picture now, take a picture now Gonna gonna gonna 焼き付けるよ Wanna wanna wanna Take a picture now, take a picture now Gonna gonna gonna 覚えてよう 伝えたいの 君に抱きしめられるの好き、こんなに ありったけの愛を To you あげるよ oh ずっと I'll never let go I got this feeling 今、心トキメキ 全身をかけめぐり 2人一緒なら I feel like I can fly 一瞬一瞬を抱いてこう One for our love Two 若さと Three こんなに大切な思い出 Four 君のsmile Five 今はyoung and wild 覚えてて forever Wanna wanna wanna Take a picture now, take a picture now Gonna gonna gonna 焼き付けるよ 君からのfeeling わたしからfeeling あげたいと思う Wanna give it to you When you give it to me 君のためなら何でもしちゃう きっと I'll never let go I feel alive そばにいる感覚好き 燃え出しそうなほどに 2人一緒なら You make me feel so right 一瞬一瞬を祝うよ One for our love Two 若さと Three こんなに大切な思い出 Four 君のsmile Five 今はyoung and wild 覚えてて forever Whenever I look at you 感じるのは ooh-ahh I say la la 君といたら Take a pic, take a pic 気分merry-go-round 君を見つめる それだけで go ooh-ahh 覚えてたい everything we do フラッシュライト焚いて hey let it pop 辛い時悲しい時そばにいるよ Never worry and believe me I won't leave you lonely 明日なんてわからない けど 賭けてみたいの One for our love Two 若さと Three こんなに大切な思い出 Four 君のsmile Five 今はyoung and wild 覚えてて forever Wanna wanna wanna Take a picture now, take a picture now Gonna gonna gonna 焼き付けるよ Wanna wanna wanna Take a picture now, take a picture now Gonna gonna gonna 焼き付けるよ"
14,虹の向こうへ,"
NiziU",Yuka Matsumoto・Hikari Mizuki,Woo Min Lee“collapsedone”・Justin Reinstein・JJean,"Hello Are you having fun？ なんだか それ ズルくない？ 映りよすぎない？ “Smile！ OK！” ねぇ この後どうする？ まだ時間早いし All right Stand up！ 今がGoサインしたMove What？ 初めての 刺激が欲しいの 小さな自分のHeart 時々Down 悩んで ブレーキをかけようとするけど “Don't be afraid” Easy way to go 楽しまなくちゃ 元気になるPlaylist シャッフルして お気に入り 虹の向こう (Oh Oh) 夢を見なくちゃ (Oh Oh) 好きなコトだけ 選んで dive to freedom yeah 心のままに 飾りつけたら only color only way 上昇Paradise 変えられるのは 自分だけでしょ？ only color only way 最上Paradise “I know, you know” 考えたくない気分 でも勝手にツライ アイツのせいだったら そんな恋はHeavy Stand up！ もしも「No」でもLet's go What？ このままじゃ いつも同じ位置 小さな自分のHeart 傷ついて 泣いても 後悔だけはしないよ Wow Wow “Don't lose your dreams” Everybody Let's Go！ モリあげて行こう 初めてのStage きらめいて 眩しいよ 虹の向こう (Oh Oh) 並んで歩こう (Oh Oh) 弾けてAmazing 偽らない dive to wonder yeah 楽しめなくちゃ 意味がないから only color only way 衝動Paradise 踊る鼓動が キミの本音さ only color only way 躍動Paradise 一度しかないのなら ムダにできないわ (What do you want？) まだ見えない可能性は 私が探すの Wow Hello Are you having fun？ Hello Hello Hey C'mon C'mon Now Ya Doki Doki どうなの？ Oh Hello Hello Hello Are you having fun？ Hello Hello Hey C'mon C'mon Now Ya Doki Doki どうなの？ Oh Easy way to go 楽しまなくちゃ 元気になるPlaylist シャッフルして お気に入り 虹の向こう (Oh Oh) 夢を見なくちゃ (Oh Oh) 好きなコトだけ 選んで dive to freedom yeah 心のままに 飾りつけたら only color only way 上昇Paradise 変えられるのは 自分だけでしょ？ only color only way 極上Paradise"
15,Boom Boom Boom,"
NiziU",KM-MARKIT,KM-MARKIT・RYUJA,"Ey Hey now, I need a beat poppin' 欲しい 大音量の Big bass, that can rock me 抑えられない位 Oh no, don't you dare me しないで勘違い I'm not that type of your 思う通りのgirl The girl ほか見たっていない Lookin' so fresh So 独自なstyle I'm that girl どこ見たっていない Ain't so easy 止めらんない Hit you like WOW！ Oh baby 君がそばにいるなら… We gonna make you feel like Boom (Oh yeah) We make you feel like Boom (Oh yeah) We make you feel like Boom Like Boom Boom Boom We make you feel like Boom Boom Boom Boom Boom Boom Boom Lalalalalala Lalalalalalalala We make you feel like Make you feel like Boom Boom Lalalalalala Lalalalalalalala We make you feel like Make you feel like Boom Boom Boom Oh why？ 合わせられない Oh why？ 変えられない It's all right そのまま I'll be the one and only Oh why？ 伝えられない Oh why？ うまく言えない It's all right それでもいいの You know how we getting down Oh baby 君がそばにいるなら… We gonna make you feel like Boom (Oh yeah) We make you feel like Boom (Oh yeah) We make you feel like Boom Like Boom Boom Boom We make you feel like Boom Boom Boom Boom Boom Boom Boom Lalalalalala Lalalalalalalala We make you feel like Make you feel like Boom Boom Lalalalalala Lalalalalalalala We make you feel like Make you feel like Boom Boom Boom Oh baby 君がそばにいるなら… We gonna make you feel like Boom (Oh yeah) We make you feel like Boom (Oh yeah) We make you feel like Boom Like Boom Boom Boom We make you feel like Boom Boom Boom Boom Boom Boom Boom Lalalalalala Lalalalalalalala We make you feel like Make you feel like Boom Boom Lalalalalala Lalalalalalalala We make you feel like Make you feel like Boom Boom Boom"
16,Baby I'm a star,"
NiziU",J.Y. Park“The Asiansoul”・Yui Kimura,J.Y. Park“The Asiansoul”,"I wanna shine bright も もっと もっと 光るよ Like a star in the night ぜ 全部 全部 魅せるよ ありのまま 私らしく 特別な自分らしく 感じたまま踊りだすのよ Why？ Cuz baby I'm a star！ Don't be afraid ただ自分信じて 君はわかっているでしょ？ Don't look back 迷いなんて捨てて さぁ夢掴みにいこう！ Cuz baby I'm a star！ I wanna shine bright も もっと もっと 光るよ Like a star in the night ぜ 全部 全部 魅せるよ ツラくても止まれないの 振り返ることも出来ないの もう少しよ 頑張れるでしょ？ Why？ Cuz I will be a star！ Don't be afraid 勝ち負けじゃないよ 何度も立ち上がるよ Don't look back 夢は目の前よ 今すぐ掴みにいこう！ Cuz I will be a star！ I wanna shine bright も もっと もっと 光るよ Like a star in the night ぜ 全部 全部 魅せるよ I'm gonna get it, da da da この手に let it be mine mine 見ててよ everything I have みんな attention, can I have？ I'm gonna get it, da da da この手に let it be mine mine 見ててよ everything I have みんな attention, can I have？ 全ての夢はいつも こうして始まってる 例えまだ遠くても 最後には笑ってる 行く手阻む向かい風 空高くそびえる壁でも 大丈夫 So why don't U ほら早く勇気だして！ Come on！ I wanna shine bright も もっと もっと 光るよ Like a star in the night ぜ 全部 全部 魅せるよ I wanna shine bright も もっと もっと 光るよ Like a star in the night ぜ 全部 全部 魅せるよ"
17,Poppin' Shakin',"
NiziU",Safari Natsukawa,Woo Min Lee “collapsedone”・Ollipop・Hayley Aitken,"La la la la la la la la la La la la la la la la la La la la la la la la la la.. Hey, look！ ココにいるよ いつでも Show time 楽しい世界 見せるよ What？ キミの憂鬱なface ため息のballoon popさせようよ Pop！ Pop！！ Pop！！！ キミの前に広がるのは New world Ki-ra Ki-ra future oh baby 光ってるでしょ？ 眩しいでしょ？ Welcome to the stage It's time to GO！ Da Dancing Day&Night！ 回れ Happy tune！ Feel it up, feel it up, feel it up！ Need your love！ La la poppin' shakin' 夢中にさせる こっちよ We need U！ Join us, join us, join us！ Start it up！！ Oh just have FUN！ La la la la la la la la la La la la la la la la la La la la la la la la la la.. La la poppin' shakin' La la la la la la la la la La la la la la la la la La la la la la la la la la.. We need U all the time Let's think うまくいかない時には Always そばにいてあげるよ Call me もし真夜中だったら Feel me LINE越しでも Stand by Tell me tell me Respectしあおうよ Everyday's a holiday 特別な日だって 思えるならcreative 楽しみでしょ？ 上がってくでしょ？ Welcome to the stage It's time to GO！ キミと Happy time！ You got a lucky break！ Fill it up, fill it up, fill it up！ Need your love！ La la poppin' shakin' いつだって We're with U キミがいれば Singin out, singin out, singin out！ Shake it up！ Oh just have FUN！ La la la la la la la la la La la la la la la la la La la la la la la la la la.. La la Poppin' shakin' La la la la la la la la la La la la la la la la la La la la la la la la la la.. We need U all the time 出会って 誘って 誰だって 一人じゃない Yes, always be Joyful いつも thankful こうして Happiness わかちあおう Let's get together！ It's time to GO！ Da Dancing Day&Night！ 回れ Happy tune！ Feel it up, feel it up, feel it up！ Need your love！ La la poppin' shakin' 夢中にさせる こっちよ We need U！ Join us, join us, join us！ Start it up！！ Oh just have FUN！ La la la la la la la la la La la la la la la la la La la la la la la la la la.. La la poppin' shakin' La la la la la la la la la La la la la la la la la La la la la la la la la la.. Ah always we need U！"
18,Make you happy,"
NiziU",J.Y. Park “The Asiansoul”・Yuka Matsumoto,J.Y. Park “The Asiansoul”・Lee Hae Sol,"Nothing ヒミツならNothing Something 特別なモノあげるのに どんなのがいい？ 笑顔にしたいのに That thing 探し出す キミのために もう ねぇねぇ 何見て 何聴いて 幸せ？ 話してみて すべてね Ooh I just wanna make you happy あ～もう！ 笑ってほしい 忘れちゃった笑顔も 大丈夫 ちゃんと取り戻して その笑顔見てるとき ほんと幸せ What do you want？ What do you need？ Anything Everything You, Tell me Gave me きれいな恋 Gave me Held me 小さなこの手繋いで 大切よ ひとりきりにはさせないよ Take me この私 全部あげたいの バレバレのハート 私だけのカード 忘れずに そばに来て Ooh I just wanna make you happy あ～もう！ 笑ってほしい 忘れちゃった笑顔も 大丈夫 ちゃんと取り戻して その笑顔見てるとき ほんと幸せ What do you want？ What do you need？ Anything Everything You, Tell me Tell me Like OOH-AHH FANCY me do not be ICY I'm So Hot no Good-bye Baby good-bye Tell me Like OOH-AHH FANCY me do not be ICY I'm So Hot no Good-bye Baby good-bye キミがくれる安心 寄り添って 休めるための場所 光が満ちて Feel いつだって 夢見てるの一緒 完全Sweetなメロディー 本当に癒してくるセオリー Put it on repeat 聴いて ずっと ずっと You're my favorite song Ooh I just wanna make you happy あ～もう！ 笑ってほしい 忘れちゃった笑顔も 大丈夫 ちゃんと取り戻して その笑顔見てるとき ほんと幸せ What do you want？ What do you need？ Anything Everything You, Tell me"
